"date","nest","spp","status","adults","stage","chicks","confidence","notes"
2015-04-02,"102","SNEG","A",NA,1,NA,"","west side; up and to the left of 98"
2015-04-09,"102","SNEG","A",NA,1,NA,"",NA
2015-04-16,"102","SNEG","A",NA,1,NA,"",NA
2015-04-23,"102","SNEG","A",NA,1,NA,"",NA
2015-04-30,"102","SNEG","A",NA,2,3,"",NA
2015-04-02,"104","SNEG","A",NA,1,NA,"","west side; directly behind tag, just out and above small entry tunnel"
2015-04-09,"104","SNEG","A",NA,1,NA,"",NA
2015-04-16,"104","SNEG","A",NA,1,NA,"",NA
2015-04-23,"104","SNEG","A",NA,1,NA,"",NA
2015-04-30,"104","SNEG","A",NA,2,3,"",NA
2015-04-02,"115","SNEG","A",NA,1,NA,"","west side"
2015-04-09,"115","SNEG","A",NA,1,NA,"",NA
2015-04-16,"115","SNEG","A",NA,1,NA,"",NA
2015-04-23,"115","SNEG","A",NA,1,NA,"",NA
2015-04-30,"115","SNEG","A",NA,2,3,"",NA
2015-04-02,"119","SNEG","A",NA,1,NA,"","west side; 433 to left of this nest"
2015-04-09,"119","SNEG","A",NA,1,NA,"",NA
2015-04-16,"119","SNEG","A",NA,1,NA,"",NA
2015-04-23,"119","SNEG","A",NA,1,NA,"",NA
2015-04-30,"119","SNEG","A",NA,2,3,"",NA
2015-04-02,"121","SNEG","A",NA,1,NA,"","west side; close to 119"
2015-04-09,"121","SNEG","A",NA,1,NA,"",NA
2015-04-16,"121","SNEG","A",NA,1,NA,"",NA
2015-04-23,"121","SNEG","A",NA,1,NA,"",NA
2015-04-30,"121","SNEG","A",NA,2,4,"",NA
2015-04-02,"124","SNEG","A",NA,1,NA,"","west side; back and to the left of 119"
2015-04-09,"124","SNEG","A",NA,1,NA,"",NA
2015-04-16,"124","SNEG","A",NA,1,NA,"",NA
2015-04-23,"124","SNEG","A",NA,1,NA,"",NA
2015-04-30,"124","SNEG","A",NA,2,2,"",NA
2015-04-02,"125","SNEG","A",NA,1,NA,"","middle; below and left of 31"
2015-04-09,"125","SNEG","A",NA,1,NA,"",NA
2015-04-16,"125","SNEG","A",NA,1,NA,"",NA
2015-04-23,"125","SNEG","A",NA,1,NA,"",NA
2015-04-30,"125","SNEG","A",NA,2,3,"",NA
2015-04-02,"147","SNEG","A",NA,1,NA,"","west side; towards front of colony"
2015-04-09,"147","SNEG","A",NA,1,NA,"",NA
2015-04-16,"147","SNEG","A",NA,1,NA,"",NA
2015-04-23,"147","SNEG","A",NA,1,NA,"","1 pipped"
2015-04-30,"147","SNEG","A",NA,2,3,"",NA
2015-04-02,"162","SNEG","A",NA,1,NA,"","west side; right next to 147"
2015-04-09,"162","SNEG","A",NA,1,NA,"",NA
2015-04-16,"162","SNEG","A",NA,1,NA,"",NA
2015-04-23,"162","SNEG","A",NA,1,NA,"",NA
2015-04-30,"162","SNEG","A",NA,2,4,"",NA
2015-04-02,"164","SNEG","A",NA,1,NA,"","west side; 6 ft behind 162"
2015-04-09,"164","SNEG","A",NA,1,NA,"",NA
2015-04-16,"164","SNEG","A",NA,1,NA,"",NA
2015-04-23,"164","SNEG","A",NA,1,NA,"",NA
2015-04-30,"164","SNEG","A",NA,2,3,"",NA
2015-04-02,"170","SNEG","A",NA,1,NA,"","middle; above and to the left of 64"
2015-04-09,"170","SNEG","A",NA,1,NA,"",NA
2015-04-16,"170","SNEG","A",NA,1,NA,"",NA
2015-04-23,"170","SNEG","A",NA,1,NA,"",NA
2015-04-30,"170","SNEG","A",NA,2,2,"",NA
2015-04-02,"171/563","SNEG","A",NA,1,NA,"","east side; back side of colony"
2015-04-09,"171/563","SNEG","A",NA,1,NA,"",NA
2015-04-16,"171/563","SNEG","A",NA,1,0,"","predated and renest"
2015-04-23,"171/563","SNEG","A",NA,1,NA,"",NA
2015-04-30,"171/563","SNEG","A",NA,1,NA,"",NA
2015-04-16,"171/563A",NA,"A",NA,1,NA,"",NA
2015-04-23,"171/563A",NA,"A",NA,1,NA,"",NA
2015-04-30,"171/563A",NA,"A",NA,1,NA,"",NA
2015-04-02,"175","BCNH","A",NA,1,NA,"",NA
2015-04-09,"175","BCNH","A",NA,1,NA,"","ch 2. rub dvr installed"
2015-04-16,"175","BCNH","A",NA,1,NA,"",NA
2015-05-14,"175","BCNH","A",NA,NA,1,"",NA
2015-05-21,"175","BCNH","A",NA,5,1,"",NA
2015-05-28,"175","BCNH","I",NA,NA,0,"","empty"
2015-06-04,"175","BCNH","I",NA,NA,0,"","empty"
2015-06-11,"175","BCNH","I",NA,NA,0,"","empty"
2015-04-02,"177","BCNH","A",NA,1,NA,"","tag below nest"
2015-04-09,"177","BCNH","I",NA,NA,NA,"",NA
2015-04-16,"177","BCNH","I",NA,NA,0,"","empty"
2015-04-23,"177","BCNH","I",NA,NA,0,"","empty"
2015-04-30,"177","BCNH","I",NA,NA,0,"","still empty?"
2015-05-07,"177","BCNH","I",NA,NA,0,"","not checked, still empty?"
2015-05-14,"177","BCNH","I",NA,NA,0,"","empty"
2015-05-21,"177","BCNH","I",NA,NA,0,"","empty"
2015-06-04,"177","BCNH","I",NA,NA,0,"","empty"
2015-06-11,"177","BCNH","I",NA,NA,0,"","empty"
2015-04-02,"178","BCNH","A",NA,1,NA,"","10 ft to the right of nest 175"
2015-04-09,"178","BCNH","A",NA,1,NA,"","ch 4. rub dvr installed"
2015-04-16,"178","BCNH","A",NA,2,2,"",NA
2015-05-14,"178","BCNH","I",NA,NA,0,"","empty"
2015-05-21,"178","BCNH","I",NA,NA,0,"","empty"
2015-05-28,"178","BCNH","I",NA,NA,0,"","empty"
2015-06-04,"178","BCNH","I",NA,NA,0,"","empty"
2015-06-11,"178","BCNH","I",NA,NA,0,"","empty"
2015-04-30,"179","SNEG","A",NA,1,NA,"","right of 360"
2015-04-02,"180","BCNH","A",NA,1,NA,"","over the wall"
2015-04-09,"180","BCNH","A",NA,1,NA,"","ch 1. rub dvr installed"
2015-04-16,"180","BCNH","A",NA,NA,1,"","rub dvr ch 1"
2015-04-23,"180","BCNH","I",NA,NA,0,"","camera removed"
2015-04-30,"180","BCNH","I",NA,NA,0,"","empty"
2015-05-07,"180","BCNH","I",NA,NA,0,"","empty"
2015-05-14,"180","BCNH","I",NA,NA,0,"","empty"
2015-05-21,"180","BCNH","I",NA,NA,0,"","empty"
2015-05-28,"180","BCNH","I",NA,NA,0,"","empty"
2015-06-11,"180","BCNH","I",NA,NA,0,"","empty"
2015-04-02,"182","BCNH","A",NA,1,NA,"",NA
2015-04-09,"182","BCNH","A",NA,2,3,"",NA
2015-04-23,"182","BCNH","A",NA,5,3,"",NA
2015-04-30,"182","BCNH","A",NA,5,3,"",NA
2015-05-07,"182","BCNH","A",NA,5,2,"",NA
2015-05-14,"182","BCNH","A",NA,5,2,"",NA
2015-06-11,"182","BCNH","I",NA,NA,0,"","empty"
2015-04-02,"183","BCNH","A",NA,1,NA,"",NA
2015-04-09,"183","BCNH","A",NA,2,2,"",NA
2015-04-23,"183","BCNH","I",NA,NA,NA,"",NA
2015-04-30,"183","BCNH","I",NA,NA,0,"","empty"
2015-05-07,"183","BCNH","I",NA,NA,0,"","empty"
2015-05-14,"183","BCNH","I",NA,NA,0,"","empty"
2015-05-21,"183","BCNH","I",NA,NA,0,"","empty"
2015-06-11,"183","BCNH","I",NA,NA,0,"","empty"
2015-04-02,"184","BCNH","A",NA,1,NA,"","orange flagging 1 ft away"
2015-04-09,"184","BCNH","A",NA,1,NA,"",NA
2015-04-16,"184","BCNH","I",NA,NA,0,"","empty"
2015-04-23,"184","BCNH","I",NA,NA,0,"","still empty"
2015-04-30,"184","BCNH","I",NA,NA,0,"","empty"
2015-05-07,"184","BCNH","I",NA,NA,0,"","empty"
2015-05-14,"184","BCNH","I",NA,NA,0,"","not checked, still empty?"
2015-05-28,"184","BCNH","I",NA,NA,0,"","empty"
2015-06-04,"184","BCNH","I",NA,NA,0,"","empty"
2015-06-11,"184","BCNH","I",NA,NA,0,"","empty"
2015-04-02,"185","BCNH","A",NA,1,NA,"","tag just below nest"
2015-04-09,"185","BCNH","A",NA,1,NA,"",NA
2015-04-16,"185","BCNH","A",NA,2,3,"",NA
2015-04-23,"185","BCNH","A",NA,2,3,"","unusually small"
2015-04-30,"185","BCNH","I",NA,NA,0,"","empty"
2015-05-07,"185","BCNH","I",NA,NA,0,"","not checked, still empty?"
2015-05-14,"185","BCNH","I",NA,NA,0,"","empty"
2015-05-21,"185","BCNH","I",NA,NA,0,"","empty"
2015-06-04,"185","BCNH","I",NA,NA,0,"","empty"
2015-04-02,"187/507","BCNH","A",NA,1,NA,"","tag just above nest; double-tagged with 507"
2015-04-09,"187/507","BCNH","A",NA,2,3,"",NA
2015-04-16,"187/507","BCNH","A",NA,2,4,"",NA
2015-04-23,"187/507","BCNH","A",NA,5,3,"",NA
2015-04-30,"187/507","BCNH","A",NA,5,2,"",NA
2015-05-07,"187/507","BCNH","A",NA,5,2,"",NA
2015-05-14,"187/507","BCNH","A",NA,5,2,"",NA
2015-05-21,"187/507","BCNH","I",NA,NA,0,"","empty"
2015-05-28,"187/507","BCNH","I",NA,NA,0,"","empty"
2015-06-04,"187/507","BCNH","I",NA,NA,0,"","empty"
2015-06-11,"187/507","BCNH","I",NA,NA,0,"","empty"
2015-05-07,"188","SNEG","A",NA,1,NA,"","next to 119 (right)"
2015-04-02,"191","BCNH","A",NA,1,NA,"",NA
2015-04-09,"191","BCNH","A",NA,1,NA,"",NA
2015-04-16,"191","BCNH","A",NA,2,2,"",NA
2015-04-23,"191","BCNH","A",NA,2,3,"",NA
2015-04-30,"191","BCNH","A",NA,5,1,"",NA
2015-05-07,"191","BCNH","A",NA,5,1,"",NA
2015-05-14,"191","BCNH","I",NA,NA,0,"","empty - 1 egg to side"
2015-05-21,"191","BCNH","I",NA,NA,0,"","empty"
2015-05-28,"191","BCNH","I",NA,NA,0,"","empty"
2015-06-04,"191","BCNH","I",NA,NA,0,"","empty"
2015-06-11,"191","BCNH","I",NA,NA,0,"","empty"
2015-04-16,"192","BCNH","A",NA,1,NA,"","tag 1 ft in front of nest"
2015-05-07,"192","BCNH","I",NA,NA,0,"","empty"
2015-05-14,"192","BCNH","I",NA,NA,0,"","empty"
2015-05-21,"192","BCNH","I",NA,NA,0,"","empty"
2015-05-28,"192","BCNH","I",NA,NA,0,"","empty"
2015-06-04,"192","BCNH","I",NA,NA,0,"","empty"
2015-06-11,"192","BCNH","I",NA,NA,0,"","renest 192a"
2015-06-11,"192A","BCNH","A",NA,1,NA,"","tag 1 ft in front of nest ben dvr ch 1 installed"
2015-05-07,"194","BCNH","A",NA,1,NA,"","nest re-use from last year"
2015-05-14,"194","BCNH","I",NA,NA,0,"","empty"
2015-05-21,"194","BCNH","I",NA,NA,0,"","empty"
2015-05-28,"194","BCNH","I",NA,NA,0,"","empty"
2015-06-11,"194","BCNH","I",NA,NA,0,"","empty"
2015-04-02,"195","BCNH","A",NA,1,NA,"","tag below nest; near 196 and 197"
2015-04-09,"195","BCNH","A",NA,1,NA,"",NA
2015-04-16,"195","BCNH","A",NA,1,NA,"",NA
2015-04-23,"195","BCNH","A",NA,2,2,"",NA
2015-04-30,"195","BCNH","A",NA,4,1,"",NA
2015-05-07,"195","BCNH","A",NA,5,1,"",NA
2015-05-21,"195","BCNH","I",NA,NA,0,"","empty"
2015-05-28,"195","BCNH","I",NA,NA,0,"","empty"
2015-06-04,"195","BCNH","I",NA,NA,0,"","empty"
2015-06-11,"195","BCNH","I",NA,NA,0,"","renest 195a"
2015-06-11,"195A","BCNH","A",NA,1,NA,"","tag below nest; near 196 and 197"
2015-04-02,"196","BCNH","A",NA,1,NA,"",NA
2015-04-09,"196","BCNH","A",NA,2,3,"",NA
2015-04-16,"196","BCNH","A",NA,4,3,"",NA
2015-04-23,"196","BCNH","A",NA,5,3,"",NA
2015-04-30,"196","BCNH","A",NA,5,1,"",NA
2015-05-07,"196","BCNH","I",NA,NA,0,"","empty"
2015-05-14,"196","BCNH","I",NA,NA,0,"","empty"
2015-05-21,"196","BCNH","I",NA,NA,0,"","empty"
2015-05-28,"196","BCNH","I",NA,NA,0,"","empty"
2015-06-04,"196","BCNH","I",NA,NA,0,"","empty"
2015-06-11,"196","BCNH","I",NA,NA,0,"","empty"
2015-04-02,"197","BCNH","A",NA,1,NA,"","5 ft back from tag"
2015-04-09,"197","BCNH","A",NA,1,NA,"",NA
2015-04-16,"197","BCNH","A",NA,1,NA,"",NA
2015-04-23,"197","BCNH","A",NA,2,2,"","1 pipped egg"
2015-04-30,"197","BCNH","A",NA,2,3,"",NA
2015-05-07,"197","BCNH","A",NA,5,2,"",NA
2015-05-14,"197","BCNH","A",NA,5,1,"",NA
2015-05-21,"197","BCNH","A",NA,5,1,"",NA
2015-06-04,"197","BCNH","I",NA,NA,0,"","empty"
2015-06-11,"197","BCNH","I",NA,NA,0,"","empty"
2015-04-02,"198","BCNH","A",NA,1,NA,"",NA
2015-04-09,"198","BCNH","A",NA,2,3,"",NA
2015-04-16,"198","BCNH","I",NA,NA,NA,"","depredated"
2015-04-23,"198","BCNH","I",NA,NA,0,"","empty"
2015-04-30,"198","BCNH","I",NA,NA,0,"","still empty?"
2015-05-07,"198","BCNH","I",NA,NA,0,"","not checked, still empty?"
2015-06-04,"198","BCNH","I",NA,NA,0,"","empty"
2015-04-02,"199","BCNH","A",NA,1,NA,"","tag below nest"
2015-06-04,"199","BCNH","I",NA,NA,0,"","renest 199a"
2015-06-04,"199A","BCNH","A",NA,1,NA,"",NA
2015-06-11,"199A","BCNH","A",NA,1,NA,"","ben dvr ch 3 installed"
2015-04-16,"202","BCNH","A",NA,1,NA,"","tag just under nest"
2015-05-21,"202","BCNH","I",NA,NA,0,"","destroyed"
2015-06-11,"202","BCNH","I",NA,NA,0,"","destroyed"
2015-04-09,"203","BCNH","A",NA,2,3,"","tag 2 ft above nest; visible from path"
2015-04-16,"203","BCNH","A",NA,4,2,"",NA
2015-04-23,"203","BCNH","A",NA,5,1,"",NA
2015-04-30,"203","BCNH","I",NA,NA,NA,"","2 dead chicks in nest"
2015-05-14,"203","BCNH","I",NA,NA,NA,"","1 dead chick"
2015-05-21,"203","BCNH","I",NA,NA,0,"","empty"
2015-05-28,"203","BCNH","I",NA,NA,0,"","empty"
2015-06-04,"203","BCNH","I",NA,NA,0,"","empty"
2015-06-11,"203","BCNH","I",NA,NA,0,"","empty"
2015-04-16,"204","BCNH","A",NA,1,NA,"",NA
2015-04-23,"204","BCNH","A",NA,1,NA,"",NA
2015-04-30,"204","BCNH","A",NA,1,NA,"",NA
2015-05-07,"204","BCNH","A",NA,1,NA,"","1 pipped"
2015-05-14,"204","BCNH","A",NA,2,3,"",NA
2015-05-21,"204","BCNH","A",NA,4,3,"",NA
2015-05-28,"204","BCNH","A",NA,5,2,"",NA
2015-06-04,"204","BCNH","I",NA,NA,0,"","empty"
2015-06-11,"204","BCNH","I",NA,NA,0,"","empty"
2015-04-02,"206","BCNH","A",NA,1,NA,"","6 ft to right of 211"
2015-04-09,"206","BCNH","A",NA,1,NA,"",NA
2015-04-16,"206","BCNH","A",NA,1,NA,"",NA
2015-04-23,"206","BCNH","A",NA,2,1,"",NA
2015-04-30,"206","BCNH","A",NA,2,1,"",NA
2015-05-07,"206","BCNH","A",NA,5,1,"",NA
2015-05-14,"206","BCNH","A",NA,5,1,"",NA
2015-05-21,"206","BCNH","I",NA,NA,0,"","empty"
2015-05-28,"206","BCNH","I",NA,NA,0,"","empty"
2015-06-04,"206","BCNH","I",NA,NA,0,"","empty"
2015-06-11,"206","BCNH","I",NA,NA,0,"","empty"
2015-04-02,"211","BCNH","A",NA,1,NA,"","overhanging agave stalk holds tag for nest 5 ft below"
2015-04-09,"211","BCNH","I",NA,NA,0,"","destroyed?"
2015-04-16,"211","BCNH","I",NA,NA,0,"","destroyed"
2015-04-23,"211","BCNH","I",NA,NA,0,"","destroyed"
2015-04-30,"211","BCNH","I",NA,NA,0,"","not checked but probably still destroyed"
2015-05-07,"211","BCNH","I",NA,NA,0,"","empty"
2015-05-14,"211","BCNH","I",NA,NA,0,"","empty"
2015-05-21,"211","BCNH","I",NA,NA,0,"","empty"
2015-05-28,"211","BCNH","I",NA,NA,0,"","empty"
2015-06-04,"211","BCNH","I",NA,NA,0,"","empty"
2015-06-11,"211","BCNH","I",NA,NA,0,"","empty"
2015-04-02,"212","BCNH","A",NA,1,NA,"","tag 2 ft in front of nest at eye level"
2015-04-09,"212","BCNH","A",NA,1,NA,"",NA
2015-04-16,"212","BCNH","A",NA,2,2,"",NA
2015-04-23,"212","BCNH","A",NA,2,3,"",NA
2015-04-30,"212","BCNH","A",NA,5,2,"",NA
2015-05-07,"212","BCNH","I",NA,NA,0,"","empty"
2015-05-14,"212","BCNH","I",NA,NA,0,"","empty"
2015-05-21,"212","BCNH","A",NA,NA,1,"",NA
2015-05-28,"212","BCNH","I",NA,NA,0,"","empty"
2015-06-04,"212","BCNH","I",NA,NA,0,"","empty"
2015-06-11,"212","BCNH","I",NA,NA,0,"","empty"
2015-04-02,"216","BCNH","A",NA,1,NA,"","tag to right of nest"
2015-04-09,"216","BCNH","A",NA,1,NA,"","ch 4. ben dvr installed"
2015-04-16,"216","BCNH","A",NA,1,NA,"","ben dvr ch 4"
2015-05-07,"216","BCNH","A",NA,NA,1,"","chick >15 do; ben dvr ch 4"
2015-05-21,"216","BCNH","I",NA,NA,NA,"","2 dead chicks; ben dvr ch 4"
2015-05-28,"216","BCNH","I",NA,NA,0,"","ben dvr ch 4; empty"
2015-06-04,"216","BCNH","I",NA,NA,0,"","camera removed; empty"
2015-06-11,"216","BCNH","I",NA,NA,0,"","empty"
2015-04-02,"221","BCNH","A",NA,1,NA,"","debris under nest 2 ft left from tag"
2015-04-09,"221","BCNH","A",NA,1,NA,"",NA
2015-04-16,"221","BCNH","A",NA,1,NA,"","plus one corvid-predated egg"
2015-05-07,"221","BCNH","I",NA,NA,0,"","empty"
2015-05-14,"221","BCNH","I",NA,NA,0,"","empty"
2015-05-21,"221","BCNH","I",NA,NA,0,"","empty"
2015-05-28,"221","BCNH","I",NA,NA,0,"","empty"
2015-06-04,"221","BCNH","I",NA,NA,0,"","empty"
2015-04-02,"222","BCNH","A",NA,1,NA,"","on left at entrance to karo cave"
2015-04-09,"222","BCNH","A",NA,1,NA,"",NA
2015-04-23,"222","BCNH","A",NA,1,NA,"",NA
2015-04-30,"222","BCNH","I",NA,NA,0,"","empty"
2015-05-07,"222","BCNH","I",NA,NA,0,"","empty"
2015-05-14,"222","BCNH","I",NA,NA,0,"","empty"
2015-05-21,"222","BCNH","I",NA,NA,0,"","empty"
2015-05-28,"222","BCNH","I",NA,NA,0,"","empty"
2015-06-04,"222","BCNH","I",NA,NA,0,"","empty"
2015-06-11,"222","BCNH","I",NA,NA,0,"","empty"
2015-04-02,"223","BCNH","A",NA,1,NA,"","tag overhanging top of rubble pile by california gulls"
2015-04-09,"223","BCNH","A",NA,1,NA,"",NA
2015-04-16,"223","BCNH","A",NA,2,2,"",NA
2015-04-23,"223","BCNH","A",NA,4,2,"",NA
2015-04-30,"223","BCNH","A",NA,5,2,"",NA
2015-05-07,"223","BCNH","A",NA,5,2,"",NA
2015-05-14,"223","BCNH","I",NA,NA,NA,"","1 dead chick"
2015-05-21,"223","BCNH","I",NA,NA,0,"","empty"
2015-05-28,"223","BCNH","I",NA,NA,0,"","empty"
2015-06-04,"223","BCNH","I",NA,NA,0,"","empty"
2015-04-09,"225","BCNH","A",NA,1,NA,"","under thick stalk"
2015-04-16,"225","BCNH","A",NA,1,NA,"",NA
2015-04-23,"225","BCNH","A",NA,1,NA,"",NA
2015-05-07,"225","BCNH","A",NA,2,1,"",NA
2015-05-14,"225","BCNH","I",NA,NA,NA,"","1 dead chick"
2015-05-21,"225","BCNH","I",NA,NA,0,"","empty"
2015-05-28,"225","BCNH","I",NA,NA,0,"","empty"
2015-06-11,"225","BCNH","I",NA,NA,0,"","empty"
2015-04-02,"228","BCNH","A",NA,1,NA,"","up from stair path; below tree"
2015-04-09,"228","BCNH","A",NA,2,2,"",NA
2015-04-16,"228","BCNH","A",NA,1,NA,"","1 egg depredated; egg punctured"
2015-04-30,"228","BCNH","I",NA,NA,0,"","empty; 2 dead chicks around nest approx 9 d.o."
2015-05-07,"228","BCNH","I",NA,NA,0,"","empty"
2015-05-14,"228","BCNH","I",NA,NA,0,"","empty"
2015-05-21,"228","BCNH","I",NA,NA,0,"","empty"
2015-05-28,"228","BCNH","I",NA,NA,0,"","empty"
2015-06-04,"228","BCNH","I",NA,NA,0,"","empty"
2015-06-11,"228","BCNH","I",NA,NA,0,"","empty"
2015-04-02,"230","BCNH","A",NA,1,NA,"","up from stair path; wall dvr channel 4?"
2015-04-16,"230","BCNH","A",NA,2,2,"",NA
2015-04-30,"230","BCNH","A",NA,5,2,"",NA
2015-05-07,"230","BCNH","A",NA,5,1,"",NA
2015-05-14,"230","BCNH","A",NA,5,1,"",NA
2015-05-21,"230","BCNH","I",NA,NA,0,"","empty"
2015-05-28,"230","BCNH","I",NA,NA,0,"","empty"
2015-06-04,"230","BCNH","I",NA,NA,0,"","empty"
2015-06-11,"230","BCNH","I",NA,NA,0,"","empty"
2015-04-02,"232","BCNH","A",NA,1,NA,"","up from stair path; wall dvr channel 1?"
2015-04-16,"232","BCNH","A",NA,2,1,"",NA
2015-04-30,"232","BCNH","A",NA,5,3,"",NA
2015-05-07,"232","BCNH","A",NA,5,1,"","camera removed"
2015-05-14,"232","BCNH","A",NA,5,1,"",NA
2015-05-21,"232","BCNH","I",NA,NA,0,"","empty"
2015-05-28,"232","BCNH","I",NA,NA,0,"","empty"
2015-06-04,"232","BCNH","I",NA,NA,0,"","empty"
2015-06-11,"232","BCNH","I",NA,NA,0,"","empty"
2015-06-18,"232A","BCNH","I",NA,NA,0,"","renest, wall dvr channel 1 (in agv with rub dvr)"
2015-04-02,"233","BCNH","A",NA,1,NA,"","toward back exit of tree"
2015-04-09,"233","BCNH","A",NA,1,NA,"",NA
2015-04-16,"233","BCNH","A",NA,1,NA,"",NA
2015-04-23,"233","BCNH","A",NA,2,3,"",NA
2015-04-30,"233","BCNH","A",NA,2,2,"",NA
2015-05-07,"233","BCNH","A",NA,5,1,"",NA
2015-05-14,"233","BCNH","A",NA,5,1,"",NA
2015-05-21,"233","BCNH","A",NA,5,1,"",NA
2015-05-28,"233","BCNH","A",NA,5,1,"",NA
2015-06-04,"233","BCNH","I",NA,NA,0,"","empty"
2015-06-11,"233","BCNH","I",NA,NA,0,"","empty"
2015-04-02,"234","BCNH","A",NA,2,1,"","hole in the wall; 4 ft behind tag"
2015-04-09,"234","BCNH","A",NA,2,3,"",NA
2015-04-16,"234","BCNH","A",NA,NA,3,"",NA
2015-04-23,"234","BCNH","A",NA,5,1,"",NA
2015-04-30,"234","BCNH","A",NA,5,1,"","plus one dead chick"
2015-05-07,"234","BCNH","I",NA,NA,0,"","empty"
2015-05-14,"234","BCNH","I",NA,NA,NA,"","1 dead chick"
2015-05-21,"234","BCNH","I",NA,NA,0,"","empty"
2015-05-28,"234","BCNH","I",NA,NA,0,"","empty"
2015-06-04,"234","BCNH","I",NA,NA,0,"","empty"
2015-06-11,"234","BCNH","I",NA,NA,0,"","empty"
2015-04-02,"240","BCNH","A",NA,1,NA,"",NA
2015-04-09,"240","BCNH","A",NA,1,NA,"","ch 3. rub dvr installed"
2015-05-14,"240","BCNH","A",NA,NA,1,"",NA
2015-05-21,"240","BCNH","A",NA,5,1,"",NA
2015-05-28,"240","BCNH","I",NA,NA,0,"","empty"
2015-06-04,"240","BCNH","I",NA,NA,0,"","empty"
2015-06-11,"240","BCNH","I",NA,NA,0,"","empty"
2015-04-02,"243","BCNH","A",NA,1,NA,"",NA
2015-04-09,"243","BCNH","I",NA,NA,0,"","empty"
2015-04-30,"243","BCNH","I",NA,NA,0,"","not checked; still empty?"
2015-05-07,"243","BCNH","I",NA,NA,0,"","empty"
2015-05-14,"243","BCNH","I",NA,NA,0,"","not checked, still empty?"
2015-05-21,"243","BCNH","I",NA,NA,0,"","empty"
2015-05-28,"243","BCNH","I",NA,NA,0,"","empty"
2015-06-04,"243","BCNH","I",NA,NA,0,"","empty"
2015-04-02,"247","SNEG","A",NA,1,NA,"","east side; near east side entrance"
2015-04-09,"247","SNEG","A",NA,1,NA,"",NA
2015-04-16,"247","SNEG","I",NA,NA,NA,"","predated?"
2015-04-23,"247","SNEG","I",NA,NA,0,"","empty"
2015-04-30,"247","SNEG","I",NA,NA,0,"","empty"
2015-04-02,"248","SNEG","A",NA,1,NA,"","east side; right of 251 and 249"
2015-04-09,"248","SNEG","A",NA,1,NA,"",NA
2015-04-16,"248","SNEG","A",NA,1,NA,"",NA
2015-04-23,"248","SNEG","A",NA,1,NA,"",NA
2015-04-30,"248","SNEG","A",NA,2,3,"",NA
2015-04-02,"249","SNEG","A",NA,1,NA,"","east side; 1 ft behind and to the right"
2015-04-09,"249","SNEG","A",NA,1,NA,"",NA
2015-04-16,"249","SNEG","A",NA,1,NA,"",NA
2015-04-23,"249","SNEG","A",NA,1,NA,"",NA
2015-04-30,"249","SNEG","A",NA,2,3,"",NA
2015-04-02,"251","SNEG","A",NA,1,NA,"","east side; near 323"
2015-04-09,"251","SNEG","A",NA,1,NA,"",NA
2015-04-16,"251","SNEG","A",NA,1,NA,"",NA
2015-04-23,"251","SNEG","A",NA,2,2,"",NA
2015-04-30,"251","SNEG","A",NA,2,3,"",NA
2015-04-02,"254","SNEG","A",NA,1,NA,"","front; below and 1 ft to the right of 257"
2015-04-09,"254","SNEG","A",NA,1,NA,"",NA
2015-04-16,"254","SNEG","A",NA,1,NA,"",NA
2015-04-23,"254","SNEG","A",NA,2,1,"","1 pipped"
2015-04-30,"254","SNEG","A",NA,2,3,"",NA
2015-04-02,"256","SNEG","A",NA,1,NA,"","front; 2 ft to the right of 257"
2015-04-09,"256","SNEG","A",NA,1,NA,"",NA
2015-04-16,"256","SNEG","A",NA,1,NA,"",NA
2015-04-23,"256","SNEG","A",NA,1,NA,"",NA
2015-04-30,"256","SNEG","A",NA,2,4,"",NA
2015-04-02,"257","SNEG","A",NA,1,NA,"","front"
2015-04-09,"257","SNEG","A",NA,1,NA,"",NA
2015-04-23,"257","SNEG","A",NA,2,4,"",NA
2015-04-30,"257","SNEG","A",NA,4,3,"",NA
2015-04-02,"262","BCNH","A",NA,1,NA,"","tag 1 ft in front of nest in downward trail by bench; twiggy, unstable vegetation"
2015-05-21,"262","BCNH","I",NA,NA,0,"","empty"
2015-04-02,"266","SNEG","A",NA,1,NA,"","front; near 282"
2015-04-09,"266","SNEG","A",NA,1,NA,"",NA
2015-04-16,"266","SNEG","A",NA,1,NA,"",NA
2015-04-23,"266","SNEG","A",NA,1,NA,"",NA
2015-04-30,"266","SNEG","A",NA,2,2,"",NA
2015-04-02,"282","SNEG","A",NA,1,NA,"","front"
2015-04-09,"282","SNEG","A",NA,1,NA,"",NA
2015-04-16,"282","SNEG","A",NA,1,NA,"",NA
2015-04-23,"282","SNEG","A",NA,1,NA,"",NA
2015-04-30,"282","SNEG","A",NA,2,2,"",NA
2015-04-02,"284","SNEG","A",NA,1,NA,"","middle"
2015-04-09,"284","SNEG","A",NA,1,NA,"",NA
2015-04-16,"284","SNEG","A",NA,1,NA,"",NA
2015-04-23,"284","SNEG","A",NA,1,NA,"",NA
2015-04-30,"284","SNEG","A",NA,1,NA,"",NA
2015-04-02,"286","SNEG","A",NA,1,NA,"","middle"
2015-04-09,"286","SNEG","A",NA,1,NA,"",NA
2015-04-16,"286","SNEG","A",NA,1,NA,"",NA
2015-04-23,"286","SNEG","A",NA,2,1,"",NA
2015-04-30,"286","SNEG","A",NA,2,2,"",NA
2015-04-02,"287","SNEG","A",NA,1,NA,"","middle; 444 to the right"
2015-04-09,"287","SNEG","A",NA,1,NA,"",NA
2015-04-16,"287","SNEG","A",NA,1,NA,"",NA
2015-04-23,"287","SNEG","A",NA,1,NA,"",NA
2015-04-30,"287","SNEG","A",NA,2,3,"",NA
2015-04-02,"288","BCNH","A",NA,1,NA,"","up from stair path; near top of stairs in hole"
2015-04-09,"288","BCNH","I",NA,NA,0,"","empty"
2015-04-16,"288","BCNH","I",NA,NA,0,"","empty"
2015-04-23,"288","BCNH","I",NA,NA,0,"","empty"
2015-04-30,"288","BCNH","I",NA,NA,0,"","empty"
2015-05-07,"288","BCNH","I",NA,NA,0,"","empty"
2015-05-14,"288","BCNH","I",NA,NA,0,"","not checked, still empty?"
2015-05-21,"288","BCNH","I",NA,NA,0,"","empty"
2015-05-28,"288","BCNH","I",NA,NA,0,"","empty"
2015-06-04,"288","BCNH","I",NA,NA,0,"","empty"
2015-06-11,"288","BCNH","I",NA,NA,0,"","empty"
2015-04-02,"289","BCNH","A",NA,1,NA,"","1 ft from tag on exit path from tree"
2015-04-09,"289","BCNH","A",NA,1,NA,"",NA
2015-04-16,"289","BCNH","I",NA,NA,0,"","empty"
2015-04-23,"289","BCNH","I",NA,NA,0,"","empty"
2015-04-30,"289","BCNH","I",NA,NA,0,"","empty"
2015-05-07,"289","BCNH","I",NA,NA,0,"","empty"
2015-05-14,"289","BCNH","I",NA,NA,0,"","empty"
2015-05-21,"289","BCNH","I",NA,NA,0,"","empty"
2015-05-28,"289","BCNH","I",NA,NA,0,"","empty"
2015-06-04,"289","BCNH","I",NA,NA,0,"","empty"
2015-06-11,"289","BCNH","I",NA,NA,0,"","empty"
2015-04-02,"291","BCNH","A",NA,1,NA,"","2 ft behind tag"
2015-04-09,"291","BCNH","A",NA,2,2,"",NA
2015-04-16,"291","BCNH","A",NA,2,3,"",NA
2015-04-23,"291","BCNH","A",NA,5,3,"",NA
2015-04-30,"291","BCNH","I",NA,NA,0,"","empty"
2015-05-07,"291","BCNH","I",NA,NA,0,"","empty"
2015-05-14,"291","BCNH","I",NA,NA,0,"","empty"
2015-05-21,"291","BCNH","I",NA,NA,0,"","empty"
2015-05-28,"291","BCNH","I",NA,NA,0,"","empty"
2015-06-04,"291","BCNH","I",NA,NA,0,"","empty"
2015-06-11,"291","BCNH","I",NA,NA,0,"","empty"
2015-04-02,"292","BCNH","A",NA,1,NA,"","3 ft from 293"
2015-04-09,"292","BCNH","A",NA,1,NA,"",NA
2015-04-23,"292","BCNH","A",NA,2,3,"",NA
2015-04-30,"292","BCNH","A",NA,4,2,"",NA
2015-05-07,"292","BCNH","I",NA,NA,0,"","empty"
2015-05-14,"292","BCNH","I",NA,NA,0,"","empty"
2015-05-21,"292","BCNH","I",NA,NA,0,"","empty"
2015-05-28,"292","BCNH","I",NA,NA,0,"","empty"
2015-06-04,"292","BCNH","I",NA,NA,0,"","empty"
2015-06-11,"292","BCNH","I",NA,NA,0,"","empty"
2015-04-02,"293","BCNH","A",NA,1,NA,"",NA
2015-04-09,"293","BCNH","A",NA,1,NA,"",NA
2015-04-16,"293","BCNH","I",NA,NA,0,"","empty"
2015-04-23,"293","BCNH","I",NA,NA,0,"","empty"
2015-04-30,"293","BCNH","I",NA,NA,0,"","destroyed"
2015-05-07,"293","BCNH","I",NA,NA,0,"","destroyed"
2015-05-14,"293","BCNH","I",NA,NA,0,"","destroyed"
2015-05-21,"293","BCNH","I",NA,NA,0,"","empty"
2015-05-28,"293","BCNH","I",NA,NA,0,"","destroyed"
2015-06-04,"293","BCNH","I",NA,NA,0,"","empty"
2015-06-11,"293","BCNH","I",NA,NA,0,"","destroyed"
2015-04-02,"294","BCNH","A",NA,1,NA,"","to the right and down from tag; near two metal pipes"
2015-04-09,"294","BCNH","A",NA,1,NA,"",NA
2015-04-16,"294","BCNH","A",NA,1,NA,"",NA
2015-04-23,"294","BCNH","A",NA,2,2,"",NA
2015-04-30,"294","BCNH","I",NA,NA,NA,"","predated"
2015-05-07,"294","BCNH","I",NA,NA,0,"","not checked, still empty?"
2015-05-14,"294","BCNH","I",NA,NA,0,"","empty"
2015-05-21,"294","BCNH","I",NA,NA,0,"","empty"
2015-05-28,"294","BCNH","I",NA,NA,0,"","empty"
2015-06-04,"294","BCNH","I",NA,NA,0,"","empty"
2015-06-11,"294","BCNH","I",NA,NA,0,"","empty"
2015-04-02,"295","BCNH","A",NA,1,NA,"",NA
2015-04-09,"295","BCNH","A",NA,1,NA,"",NA
2015-04-16,"295","BCNH","A",NA,1,NA,"",NA
2015-04-23,"295","BCNH","A",NA,2,2,"",NA
2015-04-30,"295","BCNH","A",NA,2,2,"",NA
2015-05-07,"295","BCNH","A",NA,NA,1,"",NA
2015-05-14,"295","BCNH","A",NA,5,1,"",NA
2015-05-21,"295","BCNH","A",NA,5,1,"",NA
2015-05-28,"295","BCNH","A",NA,5,1,"",NA
2015-06-04,"295","BCNH","I",NA,NA,0,"","empty"
2015-04-02,"296","BCNH","A",NA,1,NA,"","nest behind tag"
2015-04-09,"296","BCNH","A",NA,2,2,"",NA
2015-04-16,"296","BCNH","I",NA,NA,0,"","destroyed"
2015-04-23,"296","BCNH","I",NA,NA,0,"","destroyed"
2015-04-30,"296","BCNH","I",NA,NA,0,"","empty"
2015-05-07,"296","BCNH","I",NA,NA,0,"","not checked, still empty?"
2015-05-14,"296","BCNH","I",NA,NA,0,"","empty"
2015-05-21,"296","BCNH","I",NA,NA,0,"","empty"
2015-05-28,"296","BCNH","I",NA,NA,0,"","empty"
2015-06-04,"296","BCNH","I",NA,NA,0,"","empty"
2015-06-11,"296","BCNH","I",NA,NA,0,"","empty"
2015-04-02,"297","BCNH","A",NA,1,NA,"","tag in front of nest"
2015-04-09,"297","BCNH","I",NA,NA,0,"","empty"
2015-04-16,"297","BCNH","I",NA,NA,0,"","empty"
2015-04-23,"297","BCNH","I",NA,NA,0,"","not checked, but possibly still empty"
2015-04-30,"297","BCNH","I",NA,NA,0,"","not checked; still empty?"
2015-05-07,"297","BCNH","I",NA,NA,0,"","not checked, still empty?"
2015-05-14,"297","BCNH","I",NA,NA,0,"","empty"
2015-05-21,"297","BCNH","I",NA,NA,0,"","empty"
2015-05-28,"297","BCNH","I",NA,NA,0,"","empty"
2015-06-04,"297","BCNH","I",NA,NA,0,"","empty"
2015-04-16,"298","SNEG","A",NA,1,NA,"","tag in front of nest; west side entrance"
2015-04-23,"298","SNEG","A",NA,1,NA,"",NA
2015-04-30,"298","SNEG","A",NA,1,NA,"",NA
2015-04-02,"299","BCNH","A",NA,1,NA,"","hole in the wall; ~5 ft behind tag; diagonal left; wall dvr channel 3"
2015-04-09,"299","BCNH","A",NA,1,NA,"","ch 3. wall dvr installed"
2015-04-23,"299","BCNH","I",NA,NA,0,"","empty"
2015-04-30,"299","BCNH","I",NA,NA,0,"","empty"
2015-05-07,"299","BCNH","I",NA,NA,0,"","empty"
2015-05-14,"299","BCNH","I",NA,NA,0,"","empty"
2015-05-21,"299","BCNH","I",NA,NA,0,"","empty"
2015-05-28,"299","BCNH","I",NA,NA,0,"","empty"
2015-06-04,"299","BCNH","I",NA,NA,0,"","empty"
2015-06-11,"299","BCNH","I",NA,NA,0,"","empty"
2015-04-02,"303","BCNH","A",NA,1,NA,"",NA
2015-04-09,"303","BCNH","A",NA,1,NA,"",NA
2015-04-16,"303","BCNH","A",NA,2,3,"",NA
2015-04-23,"303","BCNH","I",NA,NA,0,"","empty"
2015-04-30,"303","BCNH","I",NA,NA,0,"","empty"
2015-05-07,"303","BCNH","I",NA,NA,0,"","empty"
2015-05-14,"303","BCNH","I",NA,NA,0,"","empty"
2015-05-21,"303","BCNH","I",NA,NA,0,"","empty"
2015-05-28,"303","BCNH","I",NA,NA,0,"","empty"
2015-06-04,"303","BCNH","I",NA,NA,0,"","empty"
2015-06-11,"303","BCNH","I",NA,NA,0,"","renest 303a"
2015-06-11,"303A","BCNH","A",NA,1,0,"","renest rub ch. ????? installed"
2015-04-02,"308","BCNH","A",NA,1,NA,"",NA
2015-04-09,"308","BCNH","A",NA,1,NA,"",NA
2015-04-16,"308","BCNH","A",NA,2,2,"",NA
2015-04-23,"308","BCNH","A",NA,2,3,"",NA
2015-04-30,"308","BCNH","A",NA,5,2,"",NA
2015-05-07,"308","BCNH","A",NA,5,2,"",NA
2015-05-14,"308","BCNH","A",NA,5,1,"",NA
2015-05-21,"308","BCNH","A",NA,5,1,"",NA
2015-05-28,"308","BCNH","I",NA,NA,0,"","empty"
2015-06-04,"308","BCNH","I",NA,NA,0,"","empty"
2015-06-11,"308","BCNH","I",NA,NA,0,"","empty"
2015-04-02,"309","BCNH","A",NA,1,NA,"",NA
2015-04-09,"309","BCNH","A",NA,1,NA,"",NA
2015-04-16,"309","BCNH","A",NA,2,3,"",NA
2015-04-23,"309","BCNH","A",NA,2,3,"",NA
2015-04-30,"309","BCNH","A",NA,5,2,"",NA
2015-05-07,"309","BCNH","I",NA,NA,0,"","empty"
2015-05-14,"309","BCNH","I",NA,NA,0,"","empty"
2015-05-21,"309","BCNH","I",NA,NA,0,"","empty"
2015-05-28,"309","BCNH","I",NA,NA,0,"","empty"
2015-06-04,"309","BCNH","I",NA,NA,0,"","empty"
2015-06-11,"309","BCNH","I",NA,NA,0,"","empty"
2015-04-02,"31","SNEG","A",NA,1,NA,"","middle; left of 170"
2015-04-09,"31","SNEG","A",NA,1,NA,"",NA
2015-04-16,"31","SNEG","A",NA,1,NA,"",NA
2015-04-23,"31","SNEG","A",NA,1,NA,"",NA
2015-04-30,"31","SNEG","A",NA,2,3,"",NA
2015-04-02,"311","BCNH","A",NA,1,NA,"","towards back of karo tree"
2015-04-09,"311","BCNH","A",NA,1,NA,"",NA
2015-04-16,"311","BCNH","A",NA,2,2,"",NA
2015-04-23,"311","BCNH","A",NA,2,2,"",NA
2015-04-30,"311","BCNH","A",NA,5,2,"",NA
2015-05-07,"311","BCNH","A",NA,5,2,"",NA
2015-05-14,"311","BCNH","I",NA,NA,0,"","empty"
2015-05-21,"311","BCNH","I",NA,NA,0,"","empty"
2015-05-28,"311","BCNH","I",NA,NA,0,"","empty"
2015-06-04,"311","BCNH","I",NA,NA,0,"","empty"
2015-06-11,"311","BCNH","I",NA,NA,0,"","empty"
2015-04-02,"312","BCNH","A",NA,1,NA,"",NA
2015-04-16,"312","BCNH","A",NA,2,3,"",NA
2015-04-09,"315","BCNH","A",NA,1,NA,"","below 211; ben dvr ch. 2"
2015-04-16,"315","BCNH","A",NA,1,NA,"",NA
2015-04-23,"315","BCNH","A",NA,1,NA,"",NA
2015-05-07,"315","BCNH","A",NA,1,NA,"","ben dvr ch.2 installed"
2015-05-14,"315","BCNH","A",NA,1,NA,"","ben dvr ch 2"
2015-05-21,"315","BCNH","A",NA,1,NA,"","ben dvr ch 2"
2015-05-28,"315","BCNH","A",NA,1,NA,"","ben dvr ch 2"
2015-06-04,"315","BCNH","A",NA,1,NA,"","ben dvr ch 2; probably will not hatch"
2015-06-11,"315","BCNH","A",NA,1,NA,"","ben dvr ch 2"
2015-04-02,"317","BCNH","A",NA,1,NA,"","nest is 2 feet below and behind the tag"
2015-04-02,"318","BCNH","A",NA,1,NA,"",NA
2015-04-09,"318","BCNH","A",NA,1,NA,"","ch. 2 ben dvr installed"
2015-04-16,"318","BCNH","A",NA,2,3,"","ben dvr channel 2"
2015-04-23,"318","BCNH","A",NA,4,3,"","ben dvr channel 2"
2015-05-14,"318","BCNH","I",NA,NA,0,"","empty"
2015-05-21,"318","BCNH","A",NA,5,3,"","vagrant chicks?"
2015-05-28,"318","BCNH","I",NA,NA,0,"","empty"
2015-06-04,"318","BCNH","I",NA,NA,0,"","empty"
2015-06-11,"318","BCNH","I",NA,NA,0,"","empty"
2015-04-02,"319","BCNH","A",NA,1,NA,"","nest 1 ft behind tag"
2015-04-09,"319","BCNH","A",NA,1,NA,"",NA
2015-04-16,"319","BCNH","A",NA,2,2,"",NA
2015-04-23,"319","BCNH","A",NA,2,2,"",NA
2015-05-07,"319","BCNH","A",NA,5,1,"",NA
2015-05-14,"319","BCNH","A",NA,5,1,"",NA
2015-05-21,"319","BCNH","A",NA,5,3,"","some vagrants?"
2015-05-28,"319","BCNH","I",NA,NA,0,"","empty"
2015-06-04,"319","BCNH","I",NA,NA,0,"","empty"
2015-06-11,"319","BCNH","I",NA,NA,0,"","empty"
2015-04-09,"320","SNEG","A",NA,1,NA,"","east side; to the right of 248"
2015-04-16,"320","SNEG","A",NA,1,NA,"",NA
2015-04-23,"320","SNEG","A",NA,1,NA,"",NA
2015-04-30,"320","SNEG","A",NA,1,NA,"",NA
2015-04-09,"323","SNEG","A",NA,1,0,"","renest from last year"
2015-04-16,"323","SNEG","A",NA,1,NA,"",NA
2015-04-23,"323","SNEG","A",NA,1,NA,"",NA
2015-04-30,"323","SNEG","A",NA,2,3,"",NA
2015-04-02,"324","BCNH","A",NA,1,NA,"","nest directly below tag"
2015-04-16,"324","BCNH","I",NA,NA,0,"","destroyed"
2015-04-23,"324","BCNH","I",NA,NA,0,"","destroyed"
2015-04-30,"324","BCNH","I",NA,NA,0,"","not checked; still destroyed?"
2015-05-07,"324","BCNH","I",NA,NA,0,"","empty"
2015-05-14,"324","BCNH","I",NA,NA,0,"","empty"
2015-05-21,"324","BCNH","I",NA,NA,0,"","destroyed"
2015-05-28,"324","BCNH","I",NA,NA,0,"","empty"
2015-06-04,"324","BCNH","I",NA,NA,0,"","empty"
2015-06-11,"324","BCNH","I",NA,NA,0,"","empty"
2015-04-02,"325","BCNH","A",NA,1,NA,"","nest 3 ft below tag"
2015-04-09,"325","BCNH","A",NA,2,2,"","egg pipped"
2015-04-16,"325","BCNH","A",NA,2,3,"",NA
2015-04-23,"325","BCNH","A",NA,5,2,"",NA
2015-04-30,"325","BCNH","I",NA,NA,NA,"","1 dead chick"
2015-05-07,"325","BCNH","A",NA,5,1,"","vagrant chick?"
2015-05-14,"325","BCNH","I",NA,NA,0,"","empty"
2015-05-21,"325","BCNH","I",NA,NA,0,"","empty"
2015-05-28,"325","BCNH","I",NA,NA,0,"","empty"
2015-06-04,"325","BCNH","I",NA,NA,0,"","empty"
2015-06-11,"325","BCNH","I",NA,NA,0,"","empty"
2015-04-02,"326/534","BCNH","A",NA,1,NA,"","between 388 and 387; tag 3 ft above nest"
2015-04-16,"326/534","BCNH","A",NA,2,2,"",NA
2015-04-23,"326/534","BCNH","A",NA,1,NA,"",NA
2015-04-30,"326/534","BCNH","A",NA,1,NA,"",NA
2015-05-07,"326/534","BCNH","I",NA,NA,0,"","empty - predated; shells nearby"
2015-05-14,"326/534","BCNH","I",NA,NA,0,"","empty"
2015-05-21,"326/534","BCNH","I",NA,NA,0,"","empty"
2015-05-28,"326/534","BCNH","I",NA,NA,0,"","empty"
2015-06-04,"326/534","BCNH","I",NA,NA,0,"","empty"
2015-06-11,"326/534","BCNH","I",NA,NA,0,"","empty"
2015-04-09,"328","BCNH","A",NA,2,3,"","tag 2 ft in front of nest; near brick wall"
2015-04-16,"328","BCNH","A",NA,4,3,"",NA
2015-04-30,"328","BCNH","A",NA,5,2,"",NA
2015-05-07,"328","BCNH","I",NA,NA,0,"","empty but chicks heard"
2015-05-14,"328","BCNH","I",NA,NA,0,"","empty"
2015-05-21,"328","BCNH","I",NA,NA,0,"","empty"
2015-05-28,"328","BCNH","I",NA,NA,0,"","empty"
2015-06-04,"328","BCNH","I",NA,NA,0,"","empty"
2015-06-11,"328","BCNH","I",NA,NA,0,"","empty"
2015-04-09,"329","BCNH","A",NA,1,NA,"","down left of privet trees"
2015-05-07,"329","BCNH","A",NA,5,2,"",NA
2015-05-21,"329","BCNH","A",NA,5,1,"",NA
2015-05-28,"329","BCNH","I",NA,NA,0,"","empty"
2015-06-11,"329","BCNH","I",NA,NA,0,"","empty"
2015-04-16,"331","BCNH","A",NA,2,3,"","tag in agave above nest"
2015-04-23,"331","BCNH","A",NA,2,2,"",NA
2015-04-30,"331","BCNH","I",NA,NA,0,"","destroyed"
2015-05-07,"331","BCNH","I",NA,NA,0,"","empty"
2015-05-14,"331","BCNH","I",NA,NA,0,"","empty"
2015-05-21,"331","BCNH","I",NA,NA,0,"","empty"
2015-05-28,"331","BCNH","I",NA,NA,0,"","empty"
2015-06-11,"331","BCNH","I",NA,NA,0,"","empty"
2015-04-09,"333","BCNH","A",NA,1,NA,"","wall dvr channel 2"
2015-04-23,"333","BCNH","A",NA,4,3,"",NA
2015-04-30,"333","BCNH","A",NA,5,2,"",NA
2015-05-07,"333","BCNH","A",NA,5,2,"",NA
2015-05-14,"333","BCNH","A",NA,5,2,"",NA
2015-05-21,"333","BCNH","A",NA,5,2,"",NA
2015-06-11,"333","BCNH","I",NA,NA,0,"","empty"
2015-04-09,"336","BCNH","A",NA,1,NA,"","ben dvr ch 1 ben dvr ch 1 installed"
2015-04-23,"336","BCNH","A",NA,2,3,"","ben dvr ch 1"
2015-05-21,"336","BCNH","A",NA,NA,2,"","ben dvr ch 1"
2015-05-28,"336","BCNH","I",NA,NA,0,"","ben dvr ch 1; empty"
2015-06-04,"336","BCNH","I",NA,NA,0,"","ben dvr ch 1; empty"
2015-06-11,"336","BCNH","I",NA,NA,0,"","empty; camera removed"
2015-04-09,"343","BCNH","A",NA,1,NA,"","1 piped egg - chick hatching"
2015-04-23,"343","BCNH","A",NA,4,1,"",NA
2015-04-30,"343","BCNH","A",NA,5,1,"",NA
2015-05-14,"343","BCNH","I",NA,NA,0,"","empty"
2015-05-21,"343","BCNH","I",NA,NA,0,"","empty"
2015-05-28,"343","BCNH","I",NA,NA,0,"","empty"
2015-06-04,"343","BCNH","I",NA,NA,0,"","empty"
2015-06-11,"343","BCNH","I",NA,NA,0,"","empty"
2015-04-23,"344","BCNH","A",NA,1,NA,"",NA
2015-04-30,"344","BCNH","I",NA,NA,NA,"","predated"
2015-05-14,"344","BCNH","I",NA,NA,0,"","empty"
2015-05-21,"344","BCNH","I",NA,NA,0,"","empty"
2015-06-11,"344","BCNH","I",NA,NA,0,"","empty"
2015-04-09,"346","BCNH","A",NA,1,NA,"","tag on stalk above nest"
2015-04-16,"346","BCNH","A",NA,1,NA,"",NA
2015-04-23,"346","BCNH","A",NA,1,NA,"",NA
2015-04-30,"346","BCNH","A",NA,2,1,"",NA
2015-05-07,"346","BCNH","A",NA,4,1,"",NA
2015-05-14,"346","BCNH","A",NA,5,1,"",NA
2015-05-21,"346","BCNH","I",NA,NA,0,"","empty"
2015-05-28,"346","BCNH","A",NA,NA,1,"","vagrant chick?"
2015-06-11,"346","BCNH","I",NA,NA,0,"","empty"
2015-04-16,"347","BCNH","A",NA,2,1,"","warden's house; 2 ft to the left/4 ft down from tag"
2015-04-23,"347","BCNH","A",NA,4,1,"",NA
2015-04-30,"347","BCNH","A",NA,5,1,"",NA
2015-05-07,"347","BCNH","A",NA,5,1,"",NA
2015-05-14,"347","BCNH","I",NA,NA,0,"","empty"
2015-05-21,"347","BCNH","I",NA,NA,0,"","empty"
2015-05-28,"347","BCNH","I",NA,NA,0,"","empty"
2015-06-04,"347","BCNH","I",NA,NA,0,"","empty"
2015-06-11,"347","BCNH","I",NA,NA,0,"","empty"
2015-04-02,"348","BCNH","A",NA,1,NA,"","10 ft down from agv trail above eucalyptus"
2015-04-16,"348","BCNH","A",NA,1,NA,"","ben dvr ch 3"
2015-04-23,"348","BCNH","A",NA,2,2,"","ben dvr ch 3"
2015-04-30,"348","BCNH","A",NA,4,1,"","ben dvr ch 3"
2015-05-07,"348","BCNH","I",NA,NA,0,"","ben dvr ch 3; empty"
2015-05-14,"348","BCNH","I",NA,NA,0,"","ben dvr ch 3; empty"
2015-05-21,"348","BCNH","I",NA,NA,0,"","ben dvr ch 3; empty"
2015-05-28,"348","BCNH","I",NA,NA,0,"","ben dvr ch 3; empty"
2015-06-04,"348","BCNH","I",NA,NA,0,"","ben dvr ch 3; empty"
2015-06-11,"348","BCNH","I",NA,NA,0,"","empty; camera removed"
2015-04-02,"355","BCNH","A",NA,1,NA,"","up from eucalyptus"
2015-04-09,"355","BCNH","I",NA,NA,0,"","destroyed"
2015-04-16,"355","BCNH","I",NA,NA,0,"","destroyed"
2015-04-23,"355","BCNH","I",NA,NA,0,"","destroyed"
2015-04-30,"355","BCNH","I",NA,NA,0,"","not checked; still destroyed?"
2015-05-07,"355","BCNH","I",NA,NA,0,"","destroyed"
2015-05-14,"355","BCNH","I",NA,NA,0,"","empty"
2015-05-21,"355","BCNH","I",NA,NA,0,"","empty"
2015-05-28,"355","BCNH","I",NA,NA,0,"","empty"
2015-06-04,"355","BCNH","I",NA,NA,0,"","empty"
2015-06-11,"355","BCNH","I",NA,NA,0,"","empty"
2015-04-30,"358","BCNH","A",NA,1,NA,"","look past tag and down euc; visible from balcony"
2015-05-07,"358","BCNH","A",NA,1,NA,"",NA
2015-05-14,"358","BCNH","A",NA,2,3,"",NA
2015-05-21,"358","BCNH","I",NA,NA,NA,"","1 dead chick; adult present"
2015-05-28,"358","BCNH","I",NA,NA,0,"","empty"
2015-06-04,"358","BCNH","I",NA,NA,0,"","empty"
2015-06-11,"358","BCNH","I",NA,NA,0,"","empty"
2015-04-23,"360","SNEG","A",NA,1,NA,"","nest above small tunnel"
2015-04-30,"360","SNEG","A",NA,1,NA,"",NA
2015-04-30,"362","SNEG","A",NA,1,NA,"","3 ft behind tag"
2015-04-02,"364","BCNH","A",NA,1,NA,"","easy to access from bottom"
2015-04-09,"364","BCNH","A",NA,1,NA,"",NA
2015-04-16,"364","BCNH","A",NA,2,1,"",NA
2015-04-23,"364","BCNH","A",NA,2,2,"",NA
2015-04-30,"364","BCNH","A",NA,5,2,"",NA
2015-05-07,"364","BCNH","A",NA,5,2,"",NA
2015-05-14,"364","BCNH","A",NA,5,2,"",NA
2015-05-21,"364","BCNH","I",NA,NA,0,"","empty"
2015-05-28,"364","BCNH","A",NA,NA,1,"","vagrant chick?"
2015-06-04,"364","BCNH","I",NA,NA,0,"","empty"
2015-06-11,"364","BCNH","I",NA,NA,0,"","empty"
2015-04-09,"366/397","BCNH","A",NA,1,NA,"",NA
2015-04-16,"366/397","BCNH","A",NA,2,2,"",NA
2015-04-23,"366/397","BCNH","A",NA,2,3,"",NA
2015-04-30,"366/397","BCNH","A",NA,5,3,"",NA
2015-05-07,"366/397","BCNH","A",NA,5,2,"",NA
2015-05-14,"366/397","BCNH","I",NA,NA,0,"","empty"
2015-05-21,"366/397","BCNH","I",NA,NA,0,"","empty"
2015-05-28,"366/397","BCNH","I",NA,NA,0,"","empty"
2015-06-04,"366/397","BCNH","I",NA,NA,0,"","empty"
2015-06-11,"366/397","BCNH","I",NA,NA,0,"","empty"
2015-04-30,"369","SNEG","A",NA,1,NA,"","under tag"
2015-04-30,"373","SNEG","A",NA,1,NA,"",NA
2015-04-30,"377","SNEG","A",NA,2,3,"","tag ~2 ft in front. missed earlier?"
2015-04-30,"381","SNEG","A",NA,1,NA,"","tag 1 ft on front of the nest tag 1 ft in front of nest"
2015-04-09,"382","BCNH","A",NA,1,NA,"","directly under 324"
2015-04-16,"382","BCNH","A",NA,1,NA,"",NA
2015-04-23,"382","BCNH","A",NA,1,NA,"","2 pipped"
2015-04-30,"382","BCNH","A",NA,2,3,"",NA
2015-05-07,"382","BCNH","A",NA,4,3,"",NA
2015-05-14,"382","BCNH","A",NA,5,2,"",NA
2015-05-21,"382","BCNH","A",NA,5,1,"",NA
2015-05-28,"382","BCNH","I",NA,NA,0,"","empty"
2015-06-04,"382","BCNH","I",NA,NA,0,"","empty"
2015-06-11,"382","BCNH","I",NA,NA,0,"","empty"
2015-04-30,"386","SNEG","A",NA,1,NA,"","near 171"
2015-04-09,"387","BCNH","A",NA,1,NA,"","down from 315"
2015-04-16,"387","BCNH","A",NA,2,2,"",NA
2015-04-23,"387","BCNH","A",NA,2,2,"","3rd chick possible, not seen in bundle"
2015-04-30,"387","BCNH","A",NA,5,2,"",NA
2015-05-07,"387","BCNH","A",NA,5,1,"",NA
2015-05-14,"387","BCNH","I",NA,NA,0,"","empty"
2015-05-21,"387","BCNH","I",NA,NA,0,"","empty"
2015-05-28,"387","BCNH","I",NA,NA,0,"","empty"
2015-06-04,"387","BCNH","I",NA,NA,0,"","empty"
2015-06-11,"387","BCNH","I",NA,NA,0,"","empty"
2015-04-09,"388","BCNH","A",NA,1,NA,"","6 ft west of 387"
2015-04-16,"388","BCNH","A",NA,1,NA,"","1 pipped egg"
2015-04-23,"388","BCNH","A",NA,2,3,"",NA
2015-04-30,"388","BCNH","A",NA,4,3,"",NA
2015-05-07,"388","BCNH","A",NA,5,1,"",NA
2015-05-14,"388","BCNH","I",NA,NA,0,"","empty"
2015-05-21,"388","BCNH","I",NA,NA,0,"","empty"
2015-05-28,"388","BCNH","I",NA,NA,0,"","empty"
2015-06-04,"388","BCNH","I",NA,NA,0,"","empty"
2015-06-11,"388","BCNH","I",NA,NA,0,"","empty"
2015-04-09,"392","BCNH","A",NA,1,NA,"","2 ft west of 388"
2015-04-16,"392","BCNH","A",NA,1,NA,"",NA
2015-04-23,"392","BCNH","A",NA,2,2,"",NA
2015-04-30,"392","BCNH","A",NA,2,2,"",NA
2015-05-07,"392","BCNH","A",NA,5,2,"",NA
2015-05-14,"392","BCNH","A",NA,5,1,"",NA
2015-05-21,"392","BCNH","I",NA,NA,0,"","empty"
2015-05-28,"392","BCNH","I",NA,NA,0,"","empty"
2015-06-04,"392","BCNH","I",NA,NA,0,"","empty"
2015-06-11,"392","BCNH","I",NA,NA,0,"","empty"
2015-04-09,"393","BCNH","A",NA,1,NA,"","left of privet towards top"
2015-04-16,"393","BCNH","A",NA,1,NA,"",NA
2015-04-23,"393","BCNH","A",NA,1,NA,"",NA
2015-04-30,"393","BCNH","A",NA,2,1,"",NA
2015-05-07,"393","BCNH","A",NA,2,3,"",NA
2015-05-14,"393","BCNH","I",NA,NA,0,"","empty"
2015-05-21,"393","BCNH","I",NA,NA,0,"","empty"
2015-05-28,"393","BCNH","I",NA,NA,0,"","empty"
2015-06-04,"393","BCNH","I",NA,NA,0,"","empty"
2015-06-11,"393","BCNH","I",NA,NA,0,"","empty"
2015-04-09,"395","BCNH","A",NA,1,NA,"","look from path ledge; tag above; left of 203"
2015-04-16,"395","BCNH","A",NA,2,1,"",NA
2015-04-23,"395","BCNH","A",NA,2,1,"",NA
2015-04-30,"395","BCNH","A",NA,5,1,"",NA
2015-05-07,"395","BCNH","I",NA,NA,0,"","empty"
2015-05-14,"395","BCNH","A",NA,NA,1,"","chick is >30 days old, vagrant chick?"
2015-05-21,"395","BCNH","I",NA,NA,0,"","empty"
2015-05-28,"395","BCNH","A",NA,NA,1,"","chick is >35 days old, vagrant chick?"
2015-06-04,"395","BCNH","I",NA,NA,0,"","empty"
2015-06-11,"395","BCNH","I",NA,NA,0,"","empty"
2015-04-30,"396","SNEG","A",NA,1,NA,"","near 494"
2015-04-09,"399","BCNH","A",NA,1,NA,"","3 ft to left (if facing water) to 318"
2015-04-16,"399","BCNH","A",NA,2,3,"",NA
2015-04-23,"399","BCNH","A",NA,2,2,"",NA
2015-04-30,"399","BCNH","A",NA,5,2,"",NA
2015-05-07,"399","BCNH","I",NA,NA,0,"","destroyed"
2015-05-14,"399","BCNH","A",NA,NA,2,"",NA
2015-05-21,"399","BCNH","I",NA,NA,0,"","empty"
2015-05-28,"399","BCNH","I",NA,NA,0,"","empty"
2015-06-04,"399","BCNH","I",NA,NA,0,"","empty"
2015-06-11,"399","BCNH","I",NA,NA,0,"","empty"
2015-04-02,"40","SNEG","A",NA,1,NA,"","west side; across from 115"
2015-04-09,"40","SNEG","A",NA,1,NA,"",NA
2015-04-16,"40","SNEG","A",NA,1,NA,"",NA
2015-04-23,"40","SNEG","A",NA,2,4,"",NA
2015-04-30,"40","SNEG","A",NA,4,4,"",NA
2015-04-09,"400","SNEG","A",NA,1,NA,"","to right of 80"
2015-04-16,"400","SNEG","A",NA,1,NA,"",NA
2015-04-23,"400","SNEG","I",NA,NA,0,"","destroyed"
2015-04-30,"400","SNEG","I",NA,NA,0,"","destroyed"
2015-04-09,"402","SNEG","A",NA,1,NA,"","near 121"
2015-04-16,"402","SNEG","A",NA,1,NA,"",NA
2015-04-23,"402","SNEG","A",NA,1,NA,"",NA
2015-04-30,"402","SNEG","A",NA,1,NA,"",NA
2015-04-09,"403","SNEG","A",NA,1,NA,"","to right of 121"
2015-04-16,"403","SNEG","A",NA,1,NA,"",NA
2015-04-23,"403","SNEG","I",NA,NA,0,"","destroyed"
2015-04-30,"403","SNEG","I",NA,NA,0,"","destroyed"
2015-04-30,"403A","SNEG","A",NA,1,NA,"","close to 408 and 478 reused tag for new nest"
2015-04-09,"404","SNEG","A",NA,1,NA,"","to left of 147"
2015-04-16,"404","SNEG","A",NA,1,NA,"",NA
2015-04-23,"404","SNEG","I",NA,NA,0,"","destroyed"
2015-04-30,"404","SNEG","A",NA,1,0,"","renest"
2015-04-30,"404A",NA,"A",NA,1,0,"","renest"
2015-04-09,"405","SNEG","A",NA,1,NA,"","~6 ft to the left of 9"
2015-04-16,"405","SNEG","A",NA,1,NA,"",NA
2015-04-23,"405","SNEG","A",NA,1,NA,"",NA
2015-04-30,"405","SNEG","A",NA,2,3,"","egg is pipped"
2015-05-07,"406","SNEG","A",NA,1,NA,"",NA
2015-04-09,"408","SNEG","A",NA,1,NA,"","to left of 170, in front of 31"
2015-04-16,"408","SNEG","A",NA,1,NA,"",NA
2015-04-23,"408","SNEG","A",NA,1,NA,"",NA
2015-04-30,"408","SNEG","A",NA,2,1,"","1 pipped egg"
2015-04-09,"411","SNEG","A",NA,1,NA,"",NA
2015-04-16,"411","SNEG","A",NA,1,NA,"",NA
2015-04-23,"411","SNEG","I",NA,NA,0,"","empty"
2015-04-30,"411A",NA,"A",NA,1,NA,"",NA
2015-04-09,"412","SNEG","A",NA,1,NA,"","in front of 282"
2015-04-16,"412","SNEG","A",NA,1,NA,"",NA
2015-04-23,"412","SNEG","A",NA,1,NA,"",NA
2015-04-30,"412","SNEG","A",NA,1,NA,"",NA
2015-04-09,"416","SNEG","A",NA,1,NA,"",NA
2015-04-16,"416","SNEG","A",NA,1,NA,"",NA
2015-04-23,"416","SNEG","A",NA,1,NA,"",NA
2015-04-30,"416","SNEG","A",NA,2,2,"",NA
2015-04-09,"417","SNEG","A",NA,1,NA,"","to right of 256"
2015-04-16,"417","SNEG","A",NA,1,NA,"",NA
2015-04-23,"417","SNEG","A",NA,1,NA,"",NA
2015-04-30,"417","SNEG","A",NA,2,3,"",NA
2015-04-09,"418","SNEG","A",NA,1,NA,"","behind and below 287"
2015-04-16,"418","SNEG","A",NA,1,NA,"",NA
2015-04-23,"418","SNEG","A",NA,1,NA,"",NA
2015-04-30,"418","SNEG","A",NA,2,1,"",NA
2015-04-09,"421","SNEG","A",NA,1,NA,"","east side"
2015-04-16,"421","SNEG","A",NA,1,NA,"",NA
2015-04-23,"421","SNEG","A",NA,1,NA,"",NA
2015-04-30,"421","SNEG","A",NA,2,3,"",NA
2015-04-09,"423","BCNH","A",NA,2,3,"","under slanted rubble near cormorants"
2015-04-16,"423","BCNH","A",NA,4,3,"",NA
2015-04-23,"423","BCNH","I",NA,NA,0,"","predated"
2015-04-30,"423","BCNH","I",NA,NA,0,"","empty"
2015-05-07,"423","BCNH","I",NA,NA,0,"","empty"
2015-05-14,"423","BCNH","I",NA,NA,0,"","empty - 1 eggshell beside nest"
2015-05-21,"423","BCNH","I",NA,NA,0,"","empty"
2015-05-28,"423","BCNH","I",NA,NA,0,"","empty"
2015-06-04,"423","BCNH","I",NA,NA,0,"","empty"
2015-04-09,"432","BCNH","A",NA,1,NA,"","near base of stairs, visible to the right when going down stairs"
2015-04-23,"432","BCNH","A",NA,4,3,"",NA
2015-04-30,"432","BCNH","A",NA,5,2,"",NA
2015-05-07,"432","BCNH","A",NA,5,1,"","plus one dead chick"
2015-05-14,"432","BCNH","I",NA,NA,0,"","empty"
2015-05-21,"432","BCNH","I",NA,NA,0,"","empty"
2015-05-28,"432","BCNH","I",NA,NA,0,"","empty"
2015-06-04,"432","BCNH","I",NA,NA,0,"","empty"
2015-06-11,"432","BCNH","I",NA,NA,0,"","empty"
2015-04-16,"433","SNEG","A",NA,1,NA,"","to left of 119"
2015-04-23,"433","SNEG","I",NA,NA,0,"","could not find - destroyed?"
2015-04-30,"433","SNEG","I",NA,NA,0,"","could not find - destroyed?"
2015-04-23,"434","SNEG","A",NA,1,NA,"","1 ft behind tag"
2015-04-30,"434","SNEG","A",NA,1,NA,"",NA
2015-04-30,"435","SNEG","A",NA,1,NA,"","above 408, tag is 5 inches above"
2015-04-16,"444","SNEG","A",NA,1,NA,"","3 feet to right of 287"
2015-04-23,"444","SNEG","A",NA,1,NA,"",NA
2015-04-30,"444","SNEG","A",NA,1,NA,"",NA
2015-04-16,"447","SNEG","A",NA,1,NA,"","behind 444"
2015-04-23,"447","SNEG","A",NA,1,NA,"",NA
2015-04-30,"447","SNEG","A",NA,2,3,"",NA
2015-04-16,"451","SNEG","A",NA,1,NA,"",NA
2015-04-23,"451","SNEG","A",NA,1,NA,"",NA
2015-04-30,"451","SNEG","A",NA,1,NA,"",NA
2015-04-16,"452","SNEG","A",NA,1,NA,"",NA
2015-04-23,"452","SNEG","A",NA,1,NA,"",NA
2015-04-30,"452","SNEG","A",NA,1,NA,"",NA
2015-04-16,"453","SNEG","A",NA,1,NA,"",NA
2015-04-23,"453","SNEG","A",NA,1,NA,"",NA
2015-04-30,"453","SNEG","A",NA,2,2,"",NA
2015-04-23,"455","SNEG","A",NA,1,NA,"",NA
2015-04-30,"455","SNEG","A",NA,2,2,"",NA
2015-04-16,"456","SNEG","A",NA,1,NA,"",NA
2015-04-23,"456","SNEG","A",NA,1,NA,"",NA
2015-04-30,"456","SNEG","A",NA,2,1,"",NA
2015-04-16,"468","SNEG","A",NA,1,NA,"","east side; to left of trail before reaching bear's breeches patch"
2015-04-23,"468","SNEG","A",NA,1,NA,"",NA
2015-04-30,"468","SNEG","A",NA,1,NA,"",NA
2015-05-07,"469","BCNH","A",NA,1,0,"","tag 1 ft in front of nest; seen from railing"
2015-05-14,"469","BCNH","A",NA,1,NA,"",NA
2015-05-21,"469","BCNH","A",NA,1,NA,"",NA
2015-05-28,"469","BCNH","A",NA,1,NA,"",NA
2015-06-04,"469","BCNH","A",NA,2,3,"",NA
2015-06-11,"469","BCNH","A",NA,4,2,"",NA
2015-04-23,"478","SNEG","A",NA,1,NA,"",NA
2015-04-30,"478","SNEG","A",NA,1,NA,"",NA
2015-05-07,"487","SNEG","A",NA,1,NA,"",NA
2015-04-02,"490","BCNH","A",NA,1,NA,"","3 ft back from tag"
2015-04-09,"490","BCNH","A",NA,1,NA,"",NA
2015-04-16,"490","BCNH","A",NA,2,3,"",NA
2015-04-23,"490","BCNH","A",NA,4,2,"",NA
2015-04-30,"490","BCNH","A",NA,5,2,"",NA
2015-05-07,"490","BCNH","A",NA,5,1,"","plus 1 dead chick"
2015-05-14,"490","BCNH","A",NA,5,1,"",NA
2015-05-21,"490","BCNH","I",NA,NA,0,"","empty"
2015-05-28,"490","BCNH","I",NA,NA,0,"","empty"
2015-06-04,"490","BCNH","I",NA,NA,0,"","empty"
2015-06-11,"490","BCNH","I",NA,NA,0,"","renest 490a"
2015-04-09,"490A","BCNH","A",NA,1,NA,"",NA
2015-04-16,"490A","BCNH","A",NA,2,3,"",NA
2015-04-23,"490A","BCNH","A",NA,4,2,"",NA
2015-04-30,"490A","BCNH","A",NA,5,2,"",NA
2015-05-07,"490A","BCNH","A",NA,5,1,"","plus 1 dead chick"
2015-05-14,"490A","BCNH","A",NA,5,1,"",NA
2015-05-21,"490A","BCNH","I",NA,NA,0,"","empty"
2015-05-28,"490A","BCNH","I",NA,NA,0,"","empty"
2015-06-04,"490A","BCNH","I",NA,NA,0,"","empty"
2015-06-11,"490A","BCNH","A",NA,1,NA,"","3 ft back from tag"
2015-04-23,"491","SNEG","A",NA,1,NA,"","to the right of 249"
2015-04-30,"491","SNEG","A",NA,1,NA,"",NA
2015-04-23,"492","SNEG","A",NA,1,NA,"","on hillside above tunnel; by exit of gh"
2015-04-30,"492","SNEG","A",NA,2,1,"",NA
2015-04-30,"493","SNEG","A",NA,1,NA,"",NA
2015-04-30,"494","SNEG","A",NA,1,NA,"","below to left of 487"
2015-04-30,"495","SNEG","A",NA,2,4,"","8 ft above 493; climb"
2015-04-30,"497","SNEG","A",NA,2,3,"","can only be accessed by climbing"
2015-04-30,"498","SNEG","A",NA,1,NA,"","1 ft back behind tag"
2015-04-30,"499","SNEG","A",NA,1,NA,"","close to 124"
2015-04-30,"501","BCNH","A",NA,1,NA,"","over the wall. rub channel 1 camera installed; rub ch 1"
2015-05-07,"501","BCNH","A",NA,1,NA,"","rub dvr ch 1"
2015-05-14,"501","BCNH","A",NA,1,NA,"","rub dvr ch 1"
2015-05-21,"501","BCNH","A",NA,2,2,"","rub dvr ch 1"
2015-05-28,"501","BCNH","I",NA,NA,NA,"","rub dvr ch 1"
2015-06-04,"501","BCNH","I",NA,NA,0,"","empty"
2015-06-11,"501","BCNH","I",NA,NA,0,"","empty"
2015-05-07,"502","BCNH","A",NA,1,NA,"","north end of tun bush, access from above"
2015-05-14,"502","BCNH","A",NA,1,NA,"",NA
2015-05-21,"502","BCNH","I",NA,NA,0,"","destroyed"
2015-05-28,"502","BCNH","I",NA,NA,0,"","destroyed"
2015-06-04,"502","BCNH","I",NA,NA,0,"","destroyed"
2015-06-11,"502","BCNH","I",NA,NA,0,"","destroyed"
2015-05-07,"503","BCNH","A",NA,1,NA,"","in big bush tunnel; use nest pole to look into"
2015-05-14,"503","BCNH","A",NA,1,NA,"",NA
2015-05-21,"503","BCNH","A",NA,1,NA,"",NA
2015-05-28,"503","BCNH","A",NA,2,3,"",NA
2015-06-04,"503","BCNH","A",NA,4,3,"",NA
2015-06-11,"503","BCNH","A",NA,5,3,"",NA
2015-05-14,"504","BCNH","A",NA,1,NA,"","first bush after passing cormorants"
2015-05-21,"504","BCNH","A",NA,1,NA,"",NA
2015-05-28,"504","BCNH","A",NA,1,NA,"",NA
2015-06-04,"504","BCNH","A",NA,2,3,"",NA
2015-06-11,"504","BCNH","A",NA,4,3,"",NA
2015-06-04,"505","BCNH","A",NA,1,NA,"","~6 ft to the right of 76"
2015-06-11,"505","BCNH","A",NA,1,NA,"",NA
2015-05-14,"506","BCNH","A",NA,1,NA,"","to the right of 347"
2015-05-21,"506","BCNH","A",NA,1,NA,"",NA
2015-05-28,"506","BCNH","A",NA,1,NA,"",NA
2015-06-04,"506","BCNH","A",NA,1,NA,"",NA
2015-06-11,"506","BCNH","A",NA,2,3,"",NA
2015-06-04,"508","BCNH","A",NA,1,NA,"","to the right of 545"
2015-06-11,"508","BCNH","A",NA,1,NA,"",NA
2015-06-04,"510","BCNH","A",NA,1,NA,"","between 347 and 508"
2015-06-11,"510","BCNH","A",NA,1,NA,"",NA
2015-06-04,"511","BCNH","A",NA,1,NA,"","in right-hand ""canyon"" when enter tun area tun dvr ch 3 installed"
2015-06-11,"511","BCNH","A",NA,2,2,"","tun dvr ch 3"
2015-06-04,"512","BCNH","A",NA,1,NA,"","ben dvr ch 4 installed"
2015-06-11,"512","BCNH","A",NA,1,NA,"","ben dvr ch 4"
2015-04-02,"513","BCNH","A",NA,1,NA,"",NA
2015-05-14,"513","BCNH","I",NA,NA,0,"","empty"
2015-05-21,"513","BCNH","I",NA,NA,0,"","empty"
2015-05-28,"513","BCNH","A",NA,NA,1,"","probably vagrant chick"
2015-06-11,"513","BCNH","I",NA,NA,0,"","empty"
2015-06-11,"514","BCNH","A",NA,2,2,"","behind railing; tag 1 ft in front of nest"
2015-04-30,"516","BCNH","A",NA,1,NA,"","4.5 ft to right of 294"
2015-05-07,"516","BCNH","A",NA,1,NA,"",NA
2015-05-14,"516","BCNH","A",NA,1,NA,"",NA
2015-05-21,"516","BCNH","A",NA,2,3,"",NA
2015-05-28,"516","BCNH","A",NA,2,3,"",NA
2015-06-04,"516","BCNH","I",NA,NA,0,"","empty"
2015-06-11,"516","BCNH","A",NA,5,1,"",NA
2015-05-14,"518","BCNH","A",NA,1,NA,"","tag just below nest (hens and chicks)"
2015-05-21,"518","BCNH","A",NA,1,NA,"",NA
2015-05-28,"518","BCNH","A",NA,2,2,"",NA
2015-06-04,"518","BCNH","A",NA,2,2,"",NA
2015-06-11,"518","BCNH","I",NA,NA,0,"","empty"
2015-05-14,"519","BCNH","A",NA,2,1,"","tag 2 ft below nest"
2015-05-21,"519","BCNH","I",NA,NA,0,"","empty"
2015-05-28,"519","BCNH","I",NA,NA,0,"","empty"
2015-06-04,"519","BCNH","I",NA,NA,0,"","empty"
2015-06-11,"519","BCNH","I",NA,NA,0,"","mostly destroyed"
2015-06-11,"520","BCNH","A",NA,1,NA,"","same cave as 519; tag 1.5 ft in front of nest"
2015-06-04,"521","BCNH","A",NA,2,3,"",NA
2015-06-04,"522","BCNH","A",NA,2,3,"",NA
2015-06-11,"522","BCNH","A",NA,4,3,"",NA
2015-04-16,"530","BCNH","A",NA,4,2,"","second to last hole in the wall ~ 5 ft behind tag"
2015-04-23,"530","BCNH","A",NA,5,2,"",NA
2015-04-30,"530","BCNH","I",NA,NA,0,"","empty"
2015-05-07,"530","BCNH","A",NA,5,1,"",NA
2015-05-14,"530","BCNH","I",NA,NA,0,"","empty"
2015-05-21,"530","BCNH","I",NA,NA,0,"","empty"
2015-05-28,"530","BCNH","I",NA,NA,0,"","empty. old dead chick at hole entry"
2015-06-04,"530","BCNH","I",NA,NA,0,"","empty"
2015-06-11,"530","BCNH","I",NA,NA,0,"","empty"
2015-04-02,"532","BCNH","A",NA,1,NA,"","previously tagged as 205"
2015-04-09,"532","BCNH","A",NA,2,2,"",NA
2015-04-16,"532","BCNH","A",NA,2,2,"",NA
2015-04-23,"532","BCNH","A",NA,5,2,"",NA
2015-05-07,"532","BCNH","I",NA,NA,0,"","empty"
2015-05-14,"532","BCNH","I",NA,NA,0,"","empty"
2015-05-21,"532","BCNH","I",NA,NA,0,"","empty"
2015-05-28,"532","BCNH","I",NA,NA,0,"","empty"
2015-06-04,"532","BCNH","I",NA,NA,0,"","empty"
2015-06-11,"532","BCNH","I",NA,NA,0,"","empty"
2015-04-23,"533","SNEG","A",NA,1,NA,"","next to 40"
2015-04-30,"533","SNEG","A",NA,1,NA,"",NA
2015-06-11,"537","BCNH","A",NA,1,NA,"","uphill from 520. tag 1 ft below and left of nest"
2015-04-23,"538","SNEG","A",NA,1,NA,"","3 ft behind tag"
2015-04-30,"538","SNEG","A",NA,2,4,"",NA
2015-04-02,"54","SNEG","A",NA,1,NA,"","middle"
2015-04-09,"54","SNEG","A",NA,1,NA,"",NA
2015-04-16,"54","SNEG","A",NA,1,NA,"",NA
2015-04-23,"54","SNEG","A",NA,1,NA,"",NA
2015-04-30,"54","SNEG","A",NA,2,3,"",NA
2015-05-07,"541","BCNH","A",NA,5,1,"","nest inside rubble; hard to see into"
2015-05-14,"541","BCNH","A",NA,NA,1,"",NA
2015-05-21,"541","BCNH","I",NA,NA,0,"","empty"
2015-05-28,"541","BCNH","I",NA,NA,0,"","empty"
2015-06-04,"541","BCNH","I",NA,NA,0,"","empty"
2015-06-11,"541","BCNH","I",NA,NA,0,"","empty"
2015-05-07,"542","BCNH","A",NA,1,NA,"",NA
2015-05-14,"542","BCNH","A",NA,1,NA,"",NA
2015-05-21,"542","BCNH","A",NA,2,1,"",NA
2015-05-28,"542","BCNH","A",NA,1,NA,"",NA
2015-06-04,"542","BCNH","A",NA,1,NA,"",NA
2015-06-11,"542","BCNH","A",NA,1,NA,"",NA
2015-05-07,"543","BCNH","A",NA,5,2,"","downhill from nest 329"
2015-05-14,"543","BCNH","A",NA,5,1,"",NA
2015-05-21,"543","BCNH","I",NA,NA,0,"","empty"
2015-05-28,"543","BCNH","I",NA,NA,0,"","empty"
2015-06-04,"543","BCNH","I",NA,NA,0,"","empty"
2015-06-11,"543","BCNH","I",NA,NA,0,"","empty"
2015-05-21,"544","BCNH","A",NA,1,NA,"","at end of mir bush"
2015-05-28,"544","BCNH","A",NA,1,NA,"",NA
2015-06-04,"544","BCNH","A",NA,2,3,"",NA
2015-06-11,"544","BCNH","A",NA,2,3,"",NA
2015-05-28,"545","BCNH","A",NA,1,NA,"","tag 4 ft in front of nest"
2015-06-04,"545","BCNH","A",NA,1,NA,"",NA
2015-06-11,"545","BCNH","A",NA,2,3,"",NA
2015-05-28,"546","BCNH","A",NA,1,NA,"","to right of 558 by ~7 ft"
2015-06-04,"546","BCNH","A",NA,2,2,"",NA
2015-06-11,"546","BCNH","A",NA,2,3,"",NA
2015-05-28,"547","BCNH","A",NA,1,NA,"","visible to left before entering big tun bush"
2015-06-04,"547","BCNH","A",NA,2,3,"",NA
2015-06-11,"547","BCNH","A",NA,4,3,"",NA
2015-05-28,"548","BCNH","A",NA,1,NA,"","to right of 503"
2015-06-04,"548","BCNH","A",NA,1,NA,"","tun dvr ch 1 installed"
2015-06-11,"548","BCNH","A",NA,1,NA,"","tun dvr ch 1"
2015-04-23,"549","BCNH","A",NA,2,3,"",NA
2015-04-30,"549","BCNH","I",NA,NA,0,"","empty"
2015-05-14,"549","BCNH","I",NA,NA,0,"","empty"
2015-05-21,"549","BCNH","I",NA,NA,0,"","empty"
2015-05-28,"549","BCNH","I",NA,NA,0,"","empty"
2015-06-04,"549","BCNH","I",NA,NA,0,"","empty"
2015-06-11,"549","BCNH","I",NA,NA,0,"","empty"
2015-05-28,"551","BCNH","A",NA,1,NA,"","to left of 503"
2015-06-04,"551","BCNH","A",NA,1,NA,"","tun dvr ch 2 installed"
2015-06-11,"551","BCNH","A",NA,2,3,"","tun dvr ch 2"
2015-05-07,"552","BCNH","A",NA,1,NA,"","east side; under concrete rub dvr ch 4 rub dvr ch 4 installed"
2015-05-14,"552","BCNH","A",NA,1,NA,"","rub dvr ch4"
2015-05-21,"552","BCNH","A",NA,1,NA,"","rub dvr ch4"
2015-05-28,"552","BCNH","A",NA,2,3,"","rub dvr ch4"
2015-06-04,"552","BCNH","A",NA,2,1,"","camera unplugged"
2015-06-11,"552","BCNH","A",NA,5,1,"",NA
2015-05-07,"553","BCNH","A",NA,1,NA,"","east side; under succulent rub dvr ch 2 rub dvr ch 2 installed"
2015-05-14,"553","BCNH","A",NA,1,NA,"","rub dvr ch2"
2015-05-21,"553","BCNH","A",NA,2,1,"","rub dvr ch2"
2015-05-28,"553","BCNH","A",NA,2,3,"","rub dvr ch2"
2015-06-04,"553","BCNH","I",NA,NA,0,"","empty; chick killed next to nest; camera unplugged"
2015-06-11,"553","BCNH","I",NA,NA,0,"","empty"
2015-05-07,"554","SNEG","A",NA,5,2,"","in big tree on road"
2015-05-07,"555","SNEG","A",NA,1,NA,"","above 251"
2015-05-07,"556","SNEG","A",NA,1,NA,"","1 ft from 248"
2015-05-07,"557","SNEG","A",NA,2,3,"",NA
2015-05-07,"558","BCNH","A",NA,1,NA,"","8 ft off trail in tunnel bush - bay side"
2015-05-14,"558","BCNH","A",NA,1,NA,"",NA
2015-05-21,"558","BCNH","A",NA,1,NA,"",NA
2015-05-28,"558","BCNH","A",NA,1,NA,"",NA
2015-06-04,"558","BCNH","A",NA,2,2,"",NA
2015-06-11,"558","BCNH","A",NA,2,2,"",NA
2015-05-07,"564","SNEG","A",NA,1,NA,"",NA
2015-05-07,"565","SNEG","A",NA,1,NA,"",NA
2015-05-07,"566","SNEG","A",NA,1,NA,"","right after belly crawl"
2015-04-02,"64/81","SNEG","A",NA,1,NA,"","west side; near 80"
2015-04-09,"64/81","SNEG","A",NA,1,NA,"",NA
2015-04-16,"64/81","SNEG","A",NA,1,NA,"","double tagged as 81"
2015-04-23,"64/81","SNEG","A",NA,1,NA,"",NA
2015-04-30,"64/81","SNEG","A",NA,2,3,"",NA
2015-04-02,"68","BCNH","A",NA,1,NA,"","hole in the wall; ~4 ft behind tag; diagonal right"
2015-04-09,"68","BCNH","A",NA,1,NA,"","egg is punctured"
2015-04-23,"68","BCNH","I",NA,NA,0,"","empty"
2015-04-30,"68","BCNH","I",NA,NA,0,"","empty"
2015-05-07,"68","BCNH","I",NA,NA,0,"","empty"
2015-05-14,"68","BCNH","I",NA,NA,0,"","empty"
2015-05-21,"68","BCNH","I",NA,NA,0,"","empty"
2015-05-28,"68","BCNH","I",NA,NA,0,"","empty"
2015-06-04,"68","BCNH","I",NA,NA,0,"","empty"
2015-06-11,"68","BCNH","I",NA,NA,0,"","empty"
2015-04-02,"69","SNEG","A",NA,1,NA,"","west side; back path"
2015-04-09,"69","SNEG","A",NA,1,NA,"",NA
2015-04-16,"69","SNEG","A",NA,1,NA,"",NA
2015-04-23,"69","SNEG","A",NA,1,NA,"",NA
2015-04-30,"69","SNEG","A",NA,2,2,"",NA
2015-05-07,"76","BCNH","A",NA,1,NA,"","tag 2 ft in front of nest; at end of mir"
2015-05-28,"76","BCNH","A",NA,2,1,"",NA
2015-06-04,"76","BCNH","A",NA,4,1,"",NA
2015-06-11,"76","BCNH","A",NA,5,1,"",NA
2015-04-02,"80","SNEG","A",NA,1,NA,"","west side; back path"
2015-04-09,"80","SNEG","A",NA,1,NA,"",NA
2015-04-16,"80","SNEG","A",NA,1,NA,"",NA
2015-04-23,"80","SNEG","A",NA,2,4,"",NA
2015-04-30,"80","SNEG","A",NA,4,3,"",NA
2015-04-02,"85","SNEG","A",NA,1,NA,"","west side; past 87 on back path"
2015-04-09,"85","SNEG","A",NA,1,NA,"",NA
2015-04-16,"85","SNEG","A",NA,1,NA,"",NA
2015-04-23,"85","SNEG","A",NA,2,4,"",NA
2015-04-30,"85","SNEG","I",NA,NA,0,"","empty"
2015-04-09,"86","BCNH","A",NA,1,NA,"","hole in the wall; confused for 299 when camera was placed"
2015-04-23,"86","BCNH","I",NA,NA,0,"","empty"
2015-04-30,"86","BCNH","I",NA,NA,0,"","empty"
2015-05-07,"86","BCNH","I",NA,NA,0,"","empty, camera removed"
2015-05-14,"86","BCNH","I",NA,NA,0,"","empty"
2015-05-21,"86","BCNH","I",NA,NA,0,"","empty"
2015-05-28,"86","BCNH","I",NA,NA,0,"","empty"
2015-06-04,"86","BCNH","I",NA,NA,0,"","empty"
2015-06-11,"86","BCNH","I",NA,NA,0,"","empty"
2015-04-02,"87","SNEG","A",NA,1,NA,"","west side"
2015-04-09,"87","SNEG","A",NA,1,NA,"",NA
2015-04-16,"87","SNEG","A",NA,1,NA,"",NA
2015-04-23,"87","SNEG","A",NA,1,NA,"",NA
2015-04-30,"87","SNEG","A",NA,1,NA,"","2 dead chicks on ground approx. 3 d.o."
2015-04-02,"9","SNEG","A",NA,1,NA,"","middle; behind 54"
2015-04-09,"9","SNEG","A",NA,1,NA,"",NA
2015-04-16,"9","SNEG","A",NA,1,NA,"",NA
2015-04-23,"9","SNEG","A",NA,2,4,"","raven spotted above gh this day"
2015-04-30,"9","SNEG","A",NA,4,4,"",NA
2015-04-02,"90","SNEG","A",NA,1,NA,"","west side; towards back near 91. data entry note: double-check tag # in field"
2015-04-09,"90","SNEG","A",NA,1,NA,"",NA
2015-04-16,"90","SNEG","A",NA,1,NA,"",NA
2015-04-23,"90","SNEG","A",NA,1,NA,"",NA
2015-04-30,"90","SNEG","A",NA,2,3,"",NA
2015-04-02,"91","SNEG","A",NA,1,NA,"","west side; towards back, tag under nest"
2015-04-09,"91","SNEG","A",NA,1,NA,"",NA
2015-04-16,"91","SNEG","A",NA,1,NA,"",NA
2015-04-23,"91","SNEG","A",NA,1,NA,"",NA
2015-04-30,"91","SNEG","A",NA,2,2,"",NA
2015-04-02,"97","SNEG","A",NA,1,NA,"","west side; towards front of colony, tag 2 feet from the nest"
2015-04-09,"97","SNEG","A",NA,1,NA,"",NA
2015-04-16,"97","SNEG","A",NA,1,NA,"",NA
2015-04-23,"97","SNEG","A",NA,1,NA,"",NA
2015-04-30,"97","SNEG","A",NA,1,NA,"",NA
2015-04-02,"98","SNEG","A",NA,1,NA,"","west side; back path toward bay"
2015-04-09,"98","SNEG","A",NA,1,NA,"",NA
2015-04-16,"98","SNEG","A",NA,1,NA,"",NA
2015-04-23,"98","SNEG","A",NA,2,1,"",NA
2015-04-30,"98","SNEG","A",NA,2,1,"",NA
2015-04-02,"99","SNEG","A",NA,1,NA,"","near main walkway"
2015-04-09,"99","SNEG","A",NA,1,NA,"",NA
2015-04-16,"99","SNEG","A",NA,1,NA,"",NA
2015-04-23,"99","SNEG","A",NA,1,NA,"",NA
2015-04-30,"99","SNEG","A",NA,2,3,"",NA
